{"cameraMode":{"drawMode":0,"name":"Shaded","section":"Shading Mode"},"sceneLighting":false,"audioPlay":false,"sceneViewState":{"showFog":true,"showMaterialUpdate":false,"showSkybox":false,"showFlares":true,"showImageEffects":true,"showParticleSystems":true},"in2DMode":false,"pivot":{"x":-139.1199951171875,"y":23.34000015258789,"z":-168.8800048828125},"rotation":{"x":-0.002911594696342945,"y":-0.9068517088890076,"z":0.4214022159576416,"w":-0.006263094488531351},"size":1.7418110370635987,"orthographic":false}